data/matches_source_copy.sqlite3	55754752	31f30a4dcf33867d1f3aa3d12337a9a66047e6bff10b9a3fa86aae9ef06c9e43
data/matches_source_copy.sqlite3-shm	32768	fd4c9fda9cd3f9ae7c962b0ddf37232294d55580e1aa165aa06129b8549389eb
data/matches_source_copy.sqlite3-wal	0	e3b0c44298fc1c149afbf4c8996fb92427ae41e4649b934ca495991b7852b855
w/e2e/commands.private.log	996085	023c6489e32899fe0bbc045e0a6026889b8fd6ae93d0ada6157fb4585783d834
w/e2e/cain-state/memory.sqlite	110592	27482bb2d9023f654460fe63d5391c64a6d3de25b57b6d2d773caeadc2185c18
w/e2e/cain-state/orchestration.sqlite	1347584	d60d2dbab7cb5f9da6da584155a03b39621775227506c68d801da560c39f514b
w/e2e/consumer-brasileirao/ledger.sqlite	20480	2cb32befe3076037623d879f3ef424dd058a60239396f13b6c79f9fb72361078
w/e2e/domain-state-brasileirao/admission.sqlite	49152	08709ba6436f109391228d58143dfee6bd4560531db827e9adfd3c8fd432f4d3
w/e2e/domain-state-brasileirao/results.sqlite	913408	68e216bc55b8ccf347e5541626be2720ae53b187da29f43e196a6fd91ef02c8a
w/e2e/domain-state-brasileirao/outcomes/brasileirao_REQ-IB-E2E-001.20260928T151003403017Z.0182c129f262.json	114017	46ba3acd1c385744782e62fad0ccb1277b82c1e19bde84b1ffc072f3f81c6dce
w/e2e/domain-state-brasileirao/outcomes/brasileirao_REQ-IB-E2E-002.20260928T151010925079Z.5a50f67b9115.json	274845	34e03b5926383069023f4ba26cad60d3e89c8b4569c205bbedaf9ee70fb638df
w/e2e/domain-state-brasileirao/outcomes/brasileirao_REQ-IB-E2E-002.20260928T151011227654Z.5a50f67b9115.json	274847	a7bbf3cec4dddb87391f819d803efa68e4bc1e9a8424745cb6154ea564d35be5
w/e2e/domain-state-brasileirao/outcomes/brasileirao_REQ-IB-E2E-003.20260928T151017170638Z.6f8adc066e32.json	114097	6c33e635594d9f704ff5d7048bd12849fc944cc0323804ea1624502f9bef9f80
w/e2e/domain-state-brasileirao/outcomes/brasileirao_REQ-IB-E2E-004.20260928T151022789568Z.5b56c89ef787.json	114083	5e10e793d8514c26aa5f077843fe8ab122834f25a9b528264254cd4850b03cc9
w/e2e/domain-state-brasileirao/outcomes/brasileirao_REQ-IB-E2E-010.20260928T151029831255Z.d5a6e518289c.json	274435	aaad3e686781d4815afd946cf30c5b49f3bea8339fcd6f1bdf7f53c249ca490c
w/e2e/domain-state-brasileirao/x/journal.sqlite	45056	7f44750b1d86743d10bdac7b058c630c356a615d631e2561e706f53c58b1a4b1
w/e2e/domain-state-brasileirao/x/e/.05e911c105dd395f.lock	1	6e340b9cffb37a989ca544e6bb780a2c78901d3fb33738768511a30617afa01d
w/e2e/domain-state-brasileirao/x/e/.395675f6b8356d68.lock	1	6e340b9cffb37a989ca544e6bb780a2c78901d3fb33738768511a30617afa01d
w/e2e/domain-state-brasileirao/x/e/.b334f3e798e3eff5.lock	1	6e340b9cffb37a989ca544e6bb780a2c78901d3fb33738768511a30617afa01d
w/e2e/domain-state-brasileirao/x/e/.cc9f636e3660e64e.lock	1	6e340b9cffb37a989ca544e6bb780a2c78901d3fb33738768511a30617afa01d
w/e2e/domain-state-brasileirao/x/e/.dafb8a72f1b0faaa.lock	1	6e340b9cffb37a989ca544e6bb780a2c78901d3fb33738768511a30617afa01d
w/e2e/domain-state-brasileirao/x/e/05e911c105dd395f/domain-effect.json	110774	10dddddf341c0f109f796a5e4d8fb42c745d8ae114f37ab2f1992e6f6672665b
w/e2e/domain-state-brasileirao/x/e/05e911c105dd395f/ops-job.1.json	2626	502927f0ba418b5003caf206911e015d6d7a61d9cbfd2e2ec37de85ec58f3826
w/e2e/domain-state-brasileirao/x/e/05e911c105dd395f/reference-materialization.json	3933	e4ff34df5ec597bee3b3feffd638de830fd75cf8548c33b561b777e400993d9a
w/e2e/domain-state-brasileirao/x/e/05e911c105dd395f/research-result.json	113143	4bdafc470e0a0d191b80d8b321ae736039853bb19592dc23d25408998fc8a600
w/e2e/domain-state-brasileirao/x/e/05e911c105dd395f/trials-v2.json	2167	ed9bea743a127d08bc5cac65eb489dfaa25d45981883e91e032d7f154e9be9c7
w/e2e/domain-state-brasileirao/x/e/05e911c105dd395f/worker-request.json	2995	ce9b793bb83d0e96d73d223370a223f1224edc68efdfa0772d01dfdae501c781
w/e2e/domain-state-brasileirao/x/e/05e911c105dd395f/references/baseline.json	65	81c333072737470def67b462c961ea15cc4245faedabfeadffc8b76723835050
w/e2e/domain-state-brasileirao/x/e/05e911c105dd395f/references/cost_model.json	161	ccc436493352aad63715193fb150268b5b2417283d5151dcbc216ca653c69dc3
w/e2e/domain-state-brasileirao/x/e/05e911c105dd395f/references/dataset.json	566	7daceca2c0c1235e4f87a03c1d2c6f4c1c618625f34abba043d3c787cd79d67d
w/e2e/domain-state-brasileirao/x/e/05e911c105dd395f/references/dataset.sqlite3	55754752	31f30a4dcf33867d1f3aa3d12337a9a66047e6bff10b9a3fa86aae9ef06c9e43
w/e2e/domain-state-brasileirao/x/e/05e911c105dd395f/references/features.json	103	2e807c91ad11a87b2f1e072781cae6d6417178f9a879304f06b03dfa5f3d31de
w/e2e/domain-state-brasileirao/x/e/05e911c105dd395f/references/model.json	530	8b462932a53c83accb48bc23f85f0de501fbd4213e32b5e9da1f6123e0347886
w/e2e/domain-state-brasileirao/x/e/05e911c105dd395f/references/odds.json	147	a046703607897d14435b4d918fb71b73c592d7a960938a76fbdcfcb54b8048b6
w/e2e/domain-state-brasileirao/x/e/395675f6b8356d68/domain-effect.json	271189	a0bfb8612ce48c37f96a96df26b9067a9570008100b6b4112b37e9dd68ebe59a
w/e2e/domain-state-brasileirao/x/e/395675f6b8356d68/ops-job.1.json	2625	d8e4e09eb385dfd4e930bdb6be4e30069c184e8c6250d51e7f8a453632a91c7b
w/e2e/domain-state-brasileirao/x/e/395675f6b8356d68/reference-materialization.json	3933	44c316e4e73aea86359dc89e21fb6f97d6f1fe9c9abf3a303e7a0339aa61ca33
w/e2e/domain-state-brasileirao/x/e/395675f6b8356d68/research-result.json	273561	a075349a18f2e22cbff1f19bde94980dfbc2ede530eada52cdabc6038d9d2630
w/e2e/domain-state-brasileirao/x/e/395675f6b8356d68/trials-v2.json	2227	ae8f1ad7c7b4670ba1e29a5f4c4c3ecb785cc0f62411989f70b311a485879a24
w/e2e/domain-state-brasileirao/x/e/395675f6b8356d68/worker-request.json	2994	411f5384ef5e1e059f21cd728717bb7a3a14570f104472c3308cb6dfbe1a71fa
w/e2e/domain-state-brasileirao/x/e/395675f6b8356d68/references/baseline.json	65	81c333072737470def67b462c961ea15cc4245faedabfeadffc8b76723835050
w/e2e/domain-state-brasileirao/x/e/395675f6b8356d68/references/cost_model.json	161	ccc436493352aad63715193fb150268b5b2417283d5151dcbc216ca653c69dc3
w/e2e/domain-state-brasileirao/x/e/395675f6b8356d68/references/dataset.json	566	7daceca2c0c1235e4f87a03c1d2c6f4c1c618625f34abba043d3c787cd79d67d
w/e2e/domain-state-brasileirao/x/e/395675f6b8356d68/references/dataset.sqlite3	55754752	31f30a4dcf33867d1f3aa3d12337a9a66047e6bff10b9a3fa86aae9ef06c9e43
w/e2e/domain-state-brasileirao/x/e/395675f6b8356d68/references/features.json	103	2e807c91ad11a87b2f1e072781cae6d6417178f9a879304f06b03dfa5f3d31de
w/e2e/domain-state-brasileirao/x/e/395675f6b8356d68/references/model.json	530	8b462932a53c83accb48bc23f85f0de501fbd4213e32b5e9da1f6123e0347886
w/e2e/domain-state-brasileirao/x/e/395675f6b8356d68/references/odds.json	147	a046703607897d14435b4d918fb71b73c592d7a960938a76fbdcfcb54b8048b6
w/e2e/domain-state-brasileirao/x/e/b334f3e798e3eff5/domain-effect.json	271587	96b9225fe3b307ba07a0282dcbcef2671a741d992e9d5f10972726155bff435e
w/e2e/domain-state-brasileirao/x/e/b334f3e798e3eff5/ops-job.1.json	2625	6b3ce855d51fb9b4d9c89e1e35ee7c184464e6cf2c1877e3860d5b3b3ad80d54
w/e2e/domain-state-brasileirao/x/e/b334f3e798e3eff5/reference-materialization.json	3943	af08ac7388665879041b2bec481c5c5ec1844b3a43cc9127ecb778cfa0c0ddda
w/e2e/domain-state-brasileirao/x/e/b334f3e798e3eff5/research-result.json	273971	95e1df83994ba80e5837c2419c5dfadd13a42448390ff75091b48db245a66ac7
w/e2e/domain-state-brasileirao/x/e/b334f3e798e3eff5/trials-v2.json	2228	396cef143b0bcef433b5c434026277cd618ec7df1c8b1c3e1022080afa1ca2c7
w/e2e/domain-state-brasileirao/x/e/b334f3e798e3eff5/worker-request.json	3004	8701387bd861f1ae6a30a900f57e62c148d1fbcbc76b72eb24747ce0bc655d6f
w/e2e/domain-state-brasileirao/x/e/b334f3e798e3eff5/references/baseline.json	63	6f0b86a75e5d807e4469f5c799ecbe07fd07fc0a529b9376f55e886db389f0d9
w/e2e/domain-state-brasileirao/x/e/b334f3e798e3eff5/references/cost_model.json	161	ccc436493352aad63715193fb150268b5b2417283d5151dcbc216ca653c69dc3
w/e2e/domain-state-brasileirao/x/e/b334f3e798e3eff5/references/dataset.json	566	7daceca2c0c1235e4f87a03c1d2c6f4c1c618625f34abba043d3c787cd79d67d
w/e2e/domain-state-brasileirao/x/e/b334f3e798e3eff5/references/dataset.sqlite3	55754752	31f30a4dcf33867d1f3aa3d12337a9a66047e6bff10b9a3fa86aae9ef06c9e43
w/e2e/domain-state-brasileirao/x/e/b334f3e798e3eff5/references/features.json	103	2e807c91ad11a87b2f1e072781cae6d6417178f9a879304f06b03dfa5f3d31de
w/e2e/domain-state-brasileirao/x/e/b334f3e798e3eff5/references/model.json	530	8b462932a53c83accb48bc23f85f0de501fbd4213e32b5e9da1f6123e0347886
w/e2e/domain-state-brasileirao/x/e/b334f3e798e3eff5/references/odds.json	147	a046703607897d14435b4d918fb71b73c592d7a960938a76fbdcfcb54b8048b6
w/e2e/domain-state-brasileirao/x/e/cc9f636e3660e64e/domain-effect.json	110844	e7fe56739529dade4591dc029f8fb32603cc91d7f070fe4dd7f78ae88d921a50
w/e2e/domain-state-brasileirao/x/e/cc9f636e3660e64e/ops-job.1.json	2625	5b01de69b54b93ee8a333fa8f33a33cd2519db2f77e08fda27a8bdb1092a6371
w/e2e/domain-state-brasileirao/x/e/cc9f636e3660e64e/reference-materialization.json	3947	aae4770e3fb9d613478f3a21177217b95670215141a295012e6e5f917298918b
w/e2e/domain-state-brasileirao/x/e/cc9f636e3660e64e/research-result.json	113233	dfe73d338fe453fcae2a0d6392d085b14a736da7eb45b655c604f67108338f4c
w/e2e/domain-state-brasileirao/x/e/cc9f636e3660e64e/trials-v2.json	2224	06fc6bd79df1abf6d359d1d82db9732ff1387513a4137726cca03a8eb6fb3990
w/e2e/domain-state-brasileirao/x/e/cc9f636e3660e64e/worker-request.json	3008	d654775f3ee8e9ec63ad36367c97c690a3a52db07acbb3248b16088c8e0f2d0a
w/e2e/domain-state-brasileirao/x/e/cc9f636e3660e64e/references/baseline.json	65	81c333072737470def67b462c961ea15cc4245faedabfeadffc8b76723835050
w/e2e/domain-state-brasileirao/x/e/cc9f636e3660e64e/references/cost_model.json	161	ccc436493352aad63715193fb150268b5b2417283d5151dcbc216ca653c69dc3
w/e2e/domain-state-brasileirao/x/e/cc9f636e3660e64e/references/dataset.json	573	839a645e133e80952c91a1cf6189bb11abc02ea6c7400ea6044490680846ee56
w/e2e/domain-state-brasileirao/x/e/cc9f636e3660e64e/references/dataset.sqlite3	55754752	fffadbce5536c88b6f7f1a1ad9bbbe3bf7edb741e073af252e55d17c66bde71b
w/e2e/domain-state-brasileirao/x/e/cc9f636e3660e64e/references/features.json	103	2e807c91ad11a87b2f1e072781cae6d6417178f9a879304f06b03dfa5f3d31de
w/e2e/domain-state-brasileirao/x/e/cc9f636e3660e64e/references/model.json	530	8b462932a53c83accb48bc23f85f0de501fbd4213e32b5e9da1f6123e0347886
w/e2e/domain-state-brasileirao/x/e/cc9f636e3660e64e/references/odds.json	147	a046703607897d14435b4d918fb71b73c592d7a960938a76fbdcfcb54b8048b6
w/e2e/domain-state-brasileirao/x/e/dafb8a72f1b0faaa/domain-effect.json	110837	69713194991f42190bd6442eb4935ab6ee0547fead51cc57e590cc03de5b66f9
w/e2e/domain-state-brasileirao/x/e/dafb8a72f1b0faaa/ops-job.1.json	2625	aeac341136bd19d3e8c5f666c0a1f44fa22bf782bd83b96710a2c94b130e7296
w/e2e/domain-state-brasileirao/x/e/dafb8a72f1b0faaa/reference-materialization.json	3933	536478d25df88ccddf3ac15bb4f00b096a4b55eb787a422396b6ddfec41e9d7f
w/e2e/domain-state-brasileirao/x/e/dafb8a72f1b0faaa/research-result.json	113219	5cabf270c9f5cd540bfe440465f30ed4b8830abaad595d74d807237c2c1aaaf0
w/e2e/domain-state-brasileirao/x/e/dafb8a72f1b0faaa/trials-v2.json	2217	954d3b1baed04db8745952ada9cfe74aeb333b3efc2b098932dc81b132b7ce46
w/e2e/domain-state-brasileirao/x/e/dafb8a72f1b0faaa/worker-request.json	2994	044210a3ad8010469a3b19fc3e2e7e6a339a4815bd9c18d49c0a46f6269b6681
w/e2e/domain-state-brasileirao/x/e/dafb8a72f1b0faaa/references/baseline.json	65	81c333072737470def67b462c961ea15cc4245faedabfeadffc8b76723835050
w/e2e/domain-state-brasileirao/x/e/dafb8a72f1b0faaa/references/cost_model.json	161	ccc436493352aad63715193fb150268b5b2417283d5151dcbc216ca653c69dc3
w/e2e/domain-state-brasileirao/x/e/dafb8a72f1b0faaa/references/dataset.json	566	7daceca2c0c1235e4f87a03c1d2c6f4c1c618625f34abba043d3c787cd79d67d
w/e2e/domain-state-brasileirao/x/e/dafb8a72f1b0faaa/references/dataset.sqlite3	55754752	31f30a4dcf33867d1f3aa3d12337a9a66047e6bff10b9a3fa86aae9ef06c9e43
w/e2e/domain-state-brasileirao/x/e/dafb8a72f1b0faaa/references/features.json	103	2e807c91ad11a87b2f1e072781cae6d6417178f9a879304f06b03dfa5f3d31de
w/e2e/domain-state-brasileirao/x/e/dafb8a72f1b0faaa/references/model.json	530	8b462932a53c83accb48bc23f85f0de501fbd4213e32b5e9da1f6123e0347886
w/e2e/domain-state-brasileirao/x/e/dafb8a72f1b0faaa/references/odds.json	147	a046703607897d14435b4d918fb71b73c592d7a960938a76fbdcfcb54b8048b6
w/e2e/domain-state-brasileirao/x/o/brasileirao-research-05e911c105dd395fff19825b/events.jsonl	2678	d332268bad6d87dbbfcc6809967cb0cb93256043e80a02d277a2a96006670833
w/e2e/domain-state-brasileirao/x/o/brasileirao-research-05e911c105dd395fff19825b/heartbeat.json	2677	c072f3c822a3b8b1f245dec07d2a9bbbcfd312bd07bce619b9a6d1353db28307
w/e2e/domain-state-brasileirao/x/o/brasileirao-research-395675f6b8356d685da5e35c/events.jsonl	2677	8d95307e1d7166080c1897a2d39faecaf1a98ecb87fa8e3f5e6869f710cbb148
w/e2e/domain-state-brasileirao/x/o/brasileirao-research-395675f6b8356d685da5e35c/heartbeat.json	2676	f8af975682d2de802a99b7432a5a362f46114c39d7ac2efbb06b1217f73109ea
w/e2e/domain-state-brasileirao/x/o/brasileirao-research-b334f3e798e3eff540af6af0/events.jsonl	2677	4cc607e19c3c36e90a2ef41b455918465c1c2c608ee03f7c0a81a046af841a06
w/e2e/domain-state-brasileirao/x/o/brasileirao-research-b334f3e798e3eff540af6af0/heartbeat.json	2676	d61c1cd9b9438ef318a16dcb51515a0882d97d69b8f0728fe66439eb109a4547
w/e2e/domain-state-brasileirao/x/o/brasileirao-research-cc9f636e3660e64ea8758374/events.jsonl	2672	21a2e48e546305d6bf65b5eb1111de77df99e8da029932ca19e294909c1f2df6
w/e2e/domain-state-brasileirao/x/o/brasileirao-research-cc9f636e3660e64ea8758374/heartbeat.json	2671	b1a6bca8f2f7a75c6ec77d7287bf745a60bed7bde08eadb2c231d4714a0a940f
w/e2e/domain-state-brasileirao/x/o/brasileirao-research-dafb8a72f1b0faaa7c8479b4/events.jsonl	2672	dc8e3453d4155d34189dd4198cfb03243f8c714716067e8acf9f2f01b9b53f13
w/e2e/domain-state-brasileirao/x/o/brasileirao-research-dafb8a72f1b0faaa7c8479b4/heartbeat.json	2671	e5939975591aedc6b033971387c92d351a3207043cc1566717ff8ac8d8c0583f
w/e2e/domain-state-brasileirao/x/o/economic-25e1686a06fb9633f30ab17603ce9c383fb721205fbd5ab7b5ededcbcac35199/.mutation.guard	1	5feceb66ffc86f38d952786c6d696c79c2dbc239dd4e91b46729d73a27fb57e9
w/e2e/domain-state-brasileirao/x/o/economic-2d6c7da9d9276173843b1f1fd8edfe6973b0aa5b54ca230df87f9f1df27737db/.mutation.guard	1	5feceb66ffc86f38d952786c6d696c79c2dbc239dd4e91b46729d73a27fb57e9
w/e2e/domain-state-brasileirao/x/o/economic-53baf00ead3ad1b0be67caf959d5fa9cbc7c682881ebfc75a05c056af539aa4f/.mutation.guard	1	5feceb66ffc86f38d952786c6d696c79c2dbc239dd4e91b46729d73a27fb57e9
w/e2e/domain-state-brasileirao/x/o/economic-78c06360e494e4cb253240cfce82dea51929c563456639befba1a85f577dbc53/.mutation.guard	1	5feceb66ffc86f38d952786c6d696c79c2dbc239dd4e91b46729d73a27fb57e9
w/e2e/domain-state-brasileirao/x/o/economic-b6cf04a3e0a4814cd9a1737646b72a67bceebb7260e848652f1727495a479878/.mutation.guard	1	5feceb66ffc86f38d952786c6d696c79c2dbc239dd4e91b46729d73a27fb57e9
w/e2e/domain-state-brasileirao/x/o/idempotency/economic-25e1686a06fb9633f30ab17603ce9c383fb721205fbd5ab7b5ededcbcac35199.json	204	471db9a2e40a4f728b961351da064b061703ee5436b6ce422bca8683084abbfe
w/e2e/domain-state-brasileirao/x/o/idempotency/economic-2d6c7da9d9276173843b1f1fd8edfe6973b0aa5b54ca230df87f9f1df27737db.json	204	820a60121292aeaa595a4d9249331bbf928bb30bab3bc22f7198f922eda39ac5
w/e2e/domain-state-brasileirao/x/o/idempotency/economic-53baf00ead3ad1b0be67caf959d5fa9cbc7c682881ebfc75a05c056af539aa4f.json	204	78b4dfe704b68073bbac6e2bdcaa2dbe0c7e4b90863a1f1c230ecb5ba4c9245c
w/e2e/domain-state-brasileirao/x/o/idempotency/economic-78c06360e494e4cb253240cfce82dea51929c563456639befba1a85f577dbc53.json	204	795da846200718177e9d323a4d267abf97fd8dfc61a1331f7127ed6b557bfb75
w/e2e/domain-state-brasileirao/x/o/idempotency/economic-b6cf04a3e0a4814cd9a1737646b72a67bceebb7260e848652f1727495a479878.json	204	b30ec95824147d9536846eb157764ca9d533e78b7831faabca1ed4d83aac8277
w/e2e/spool/brasileirao/results/interleaved-brasileirao-result-h9.json	50659	6e5802f5822121890802f535bb21d4ef85b01cc6547d42d8b8cce02916494d22
w/e2e/spool/brasileirao/results/interleaved-crypto-result-h9.json	6442	0c1638398fa27a58a72fbe7c09582730c01c9cc2bf57af40efefc0ed013cbd72
w/e2e/spool/brasileirao/results/interleaved-stocks-result-h9.json	23353	a669e9d2829e2570e1180720b38d2e871912ac0457334a3315c27cebd2fa52d0
w/e2e/spool/brasileirao/results/TASK-1dbe590d60e927b6bd034bcafe5d0cf2.ed4215035a494bff.json	124479	ed4215035a494bff32c651838163924292dff352d656a02f4ed252a34b91f436
w/e2e/spool/brasileirao/results/TASK-2026a6ea02942cdd62f6c1acede805f8.812644b8e4dfc332.json	299974	812644b8e4dfc332dd04b77b306454e42128581224acd5f41c4dfc1d743f6dd9
w/e2e/spool/brasileirao/results/TASK-8b7665ad1ddb534b586d04e2bbf4ce69.a7f6b4faa06c6f82.json	299562	a7f6b4faa06c6f824016e0d1a9ed7992c0a25bac284d84b4d5938e52eb4678ff
w/e2e/spool/brasileirao/results/TASK-96f42e4a16376ff5f6d3b08e610599b6.ff972e36a91c2cfc.json	124567	ff972e36a91c2cfc2974d5031211b89c6b2b11d07ac55b8120cf2df6b9e3096e
w/e2e/spool/brasileirao/results/TASK-d5ad8e6222f8bd92d3779f375f28c473.7a78c0395a05ca16.json	124553	7a78c0395a05ca169a18efc396714e0f69883cd503b6fff49cc1af7a23b8429e
w/e2e/spool/brasileirao/tasks/TASK-1dbe590d60e927b6bd034bcafe5d0cf2.json	1501	3ef23281699d4bfdaa6682dfa9e120ddcb893d9b93e0411c64353773f6cc51a8
w/e2e/spool/brasileirao/tasks/TASK-2026a6ea02942cdd62f6c1acede805f8.json	1552	050cfcd7578872cbe81682a345a12812cf225d321a15c62460422c240d5ccf87
w/e2e/spool/brasileirao/tasks/TASK-8b7665ad1ddb534b586d04e2bbf4ce69.json	1548	d5d0b7407b6b73ad3ebeaf841456778e8e5d0d0412f6df4fc68fc11027fa8f26
w/e2e/spool/brasileirao/tasks/TASK-96f42e4a16376ff5f6d3b08e610599b6.json	1554	5255d28413a7c79289ad4d4f5eaec847036b3b780c10e77590c76cf1072c99be
w/e2e/spool/brasileirao/tasks/TASK-d5ad8e6222f8bd92d3779f375f28c473.json	1547	e1c0902c41236783660c689652b959ed8f7ad59c0dce42ecd3d8097d702b7246
w/op/baseline-climatology.json	63	6f0b86a75e5d807e4469f5c799ecbe07fd07fc0a529b9376f55e886db389f0d9
w/op/baseline-market.json	65	81c333072737470def67b462c961ea15cc4245faedabfeadffc8b76723835050
w/op/canary-source.sqlite3	55754752	fffadbce5536c88b6f7f1a1ad9bbbe3bf7edb741e073af252e55d17c66bde71b
w/op/canary-source.sqlite3-shm	32768	fd4c9fda9cd3f9ae7c962b0ddf37232294d55580e1aa165aa06129b8549389eb
w/op/canary-source.sqlite3-wal	0	e3b0c44298fc1c149afbf4c8996fb92427ae41e4649b934ca495991b7852b855
w/op/cost_model-close-slippage-tax.json	161	ccc436493352aad63715193fb150268b5b2417283d5151dcbc216ca653c69dc3
w/op/features-elo-home-advantage.json	103	2e807c91ad11a87b2f1e072781cae6d6417178f9a879304f06b03dfa5f3d31de
w/op/model-serving-baseline.json	530	8b462932a53c83accb48bc23f85f0de501fbd4213e32b5e9da1f6123e0347886
w/op/odds-sofascore-close.json	147	a046703607897d14435b4d918fb71b73c592d7a960938a76fbdcfcb54b8048b6
w/op/operator_commands.log	4413	d14e9dcefff442123215b567193ca19dad7d6c9bd2ebe9c2eeaf0374083f70b9
w/op/policy.json	8590	210487f6a668e426a01a72d5e66d8053b125960f44a78481662eb74066b5d038
w/op/REAL_ENV.json	2943	9c8b1626d524280d6a297e8f12a3b2f489e40a864a9b8b95c0a741480390ff21
w/op/obj/2e/2e807c91ad11a87b2f1e072781cae6d6417178f9a879304f06b03dfa5f3d31de	103	2e807c91ad11a87b2f1e072781cae6d6417178f9a879304f06b03dfa5f3d31de
w/op/obj/31/31f30a4dcf33867d1f3aa3d12337a9a66047e6bff10b9a3fa86aae9ef06c9e43	55754752	31f30a4dcf33867d1f3aa3d12337a9a66047e6bff10b9a3fa86aae9ef06c9e43
w/op/obj/6f/6f0b86a75e5d807e4469f5c799ecbe07fd07fc0a529b9376f55e886db389f0d9	63	6f0b86a75e5d807e4469f5c799ecbe07fd07fc0a529b9376f55e886db389f0d9
w/op/obj/7d/7daceca2c0c1235e4f87a03c1d2c6f4c1c618625f34abba043d3c787cd79d67d	566	7daceca2c0c1235e4f87a03c1d2c6f4c1c618625f34abba043d3c787cd79d67d
w/op/obj/81/81c333072737470def67b462c961ea15cc4245faedabfeadffc8b76723835050	65	81c333072737470def67b462c961ea15cc4245faedabfeadffc8b76723835050
w/op/obj/83/839a645e133e80952c91a1cf6189bb11abc02ea6c7400ea6044490680846ee56	573	839a645e133e80952c91a1cf6189bb11abc02ea6c7400ea6044490680846ee56
w/op/obj/8b/8b462932a53c83accb48bc23f85f0de501fbd4213e32b5e9da1f6123e0347886	530	8b462932a53c83accb48bc23f85f0de501fbd4213e32b5e9da1f6123e0347886
w/op/obj/a0/a046703607897d14435b4d918fb71b73c592d7a960938a76fbdcfcb54b8048b6	147	a046703607897d14435b4d918fb71b73c592d7a960938a76fbdcfcb54b8048b6
w/op/obj/cc/ccc436493352aad63715193fb150268b5b2417283d5151dcbc216ca653c69dc3	161	ccc436493352aad63715193fb150268b5b2417283d5151dcbc216ca653c69dc3
w/op/obj/ff/fffadbce5536c88b6f7f1a1ad9bbbe3bf7edb741e073af252e55d17c66bde71b	55754752	fffadbce5536c88b6f7f1a1ad9bbbe3bf7edb741e073af252e55d17c66bde71b
