ID,Projeto,Prioridade,Certeza,Afirmação,Evidência,Limites,Próximo passo
G-EPOCAS,conjunto,P1,OD confirmado-remotamente,HEADs originais diferem main remoto; AnexoA descreve outra época.,LINHA_DE_BASE.md; */baseline.json; */remote-refs.txt; linked-roots.json,"Main remoto observado por ref e CI, código remoto integral não revisado.",Associar cada conclusão a SHA; estudar nova época em cópia independente se necessário.
cain-1,cain,P1,OD,Árvore local difere de HEAD e versões do Anexo,Baseline-status; pyproject0.4.12; analysis importa claim_tables não rastreado,Ver inventário e cobertura,Estudar arquivo dirty e HEAD separadamente; não inferir pacote instalado
cain-2,cain,P1,OD,query de pesquisa grava histórico,ResearchService.query INSERT INTO queries linhas481-494,Ver inventário e cobertura,Read-only CLI não é forense sem cópia
BR-LEDGER-001,brasileirao-predictor,P1,OD+INF,Paper JSONL duplicate check não serializa concorrentes nesse arquivo,research/prospective_validation/ledger.py:append_pick/_append,Risco read-check-append; corrida não executada; não ausência global locks,Verificar na mesma época e no fluxo consumidor; não corrigir fontes nesta missão
CR-LOCK-001,cripto-predictor,P1,OD,Manifest/lock divergem: research protocol declarado ausente lock,pyproject.toml dependencies; uv.lock todos package entries,Instalação/uv sync atual NV; forte risco locked sync não coerente,Verificar na mesma época e no fluxo consumidor; não corrigir fontes nesta missão
CR-CI-001,cripto-predictor,P1,OD,CI installed contract aponta wheel1.1.0 com manifest1.1.1rc4,pyproject.toml; .github/workflows/ci.yml wheel-contract,Build atual não executado; não afirmar erro CI remoto sem run específico,Verificar na mesma época e no fluxo consumidor; não corrigir fontes nesta missão
stocks-predictor-1,stocks-predictor,P1,OD,Fonte0.2.0 antecede arquitetura Anexo0.3/V2,pyproject e ecosystem_pluginV1; trackedfiles,Ver inventário e cobertura,Não afirmar V2/Ops presentes nessa árvore
stocks-predictor-2,stocks-predictor,P1,OD,external status/verify CLI escrevem storage/receipts,external_intelligence.run_cli/connect linhas1742-1792,Ver inventário e cobertura,Nunca executar original; apenas cópia neutralizada
stocks-predictor-3,stocks-predictor,P1,OD+NV,Governança estatística e completa fonte não certificam lucro,trials_gate.apply_dsr; dataset_selection scope; plugincapitalFORBIDDEN,Ver inventário e cobertura,Recomposição factual PIT/custos/eventos e holdout permanece necessária
OPS-05,predictor-ops,P1,OD,Permissão de capital vem do config,src/predictor_ops/models.py,Kill switch valida declarações locais; autorização de pessoa/corretora e fonte de risco real não comprovadas.,Verificar na mesma época e no fluxo consumidor; não corrigir fontes nesta missão
CORE-02,core-predictor,P1,OD,Concorrência V2 não herda trava V1,src/predictor_core/contracts/trial_v2.py,Read/append/replace analisado integralmente; testes existentes não comprovam escritores concorrentes V2.,Verificar na mesma época e no fluxo consumidor; não corrigir fontes nesta missão
predictor-qualification-2,predictor-qualification,P1,NV,attest.check verifica subconjunto das oito regras C7.1; schema/hashs não provam semântica científica,qualification/crypto/scripts/attest.py check; COMMON_QUALIFICATION_CORE.md C7.1,Outros gates podem aplicar verificações adicionais,Verificar na mesma época e no fluxo consumidor; não corrigir fontes nesta missão
predictor-qualification-3,predictor-qualification,P1,NV,science_real.separated_with_ci não verifica upper endpoints de IC; d16_finalize first JUnit suite e sem piso tests>0 explícito,science_real.py main; d16_finalize.py main,"Risco por leitura, não explorado com fixture",Verificar na mesma época e no fluxo consumidor; não corrigir fontes nesta missão
G-COBERTURA-RESIDUAL,conjunto,P2,OD,"Após a reconciliação de 2026-09-30, a revisão semântica integral cobre o código próprio ativo dos oito projetos e o arquivo histórico Crypto (773 objetos). Residual explícito: Brasileirão 16 arquivos de configuração/contratos JSON/workflows/lock cujos bytes locais diferem do remoto; Stocks research/ (301 .py históricos separados), vendor/ (43, terceiros) e docs/OSS (10 protótipos) catalogados sem leitura semântica; docs/ históricos dos demais projetos catalogados.",evidencias/*/coverage.json; evidencias/brasileirao-predictor/retomada-residual-pendentes.json; evidencias/cripto-predictor/crypto-archive-coverage-merged.json,"Leitura não é execução; nenhum dos residuais está no caminho de serving revisado, mas isso não foi provado por grafo de imports.",Reler os 16 arquivos Brasil no original Windows; decidir se research/ do Stocks entra no escopo de uma missão própria.
cain-3,cain,P2,OD+INF,Receipts não equivalem a correção semântica,"analysis.review semantic_support not_certified, Workflowsproposals_only",Ver inventário e cobertura,Testar respostas fonte por fonte com modelo real em QA autorizado
BR-TREE-001,brasileirao-predictor,P2,OD,Fonte examinada contém modificados/não rastreados preexistentes,baseline.json; hashes.json; untracked-hashes.json,Não equivale à release0.2.0 nem commit HEAD isolado,Verificar na mesma época e no fluxo consumidor; não corrigir fontes nesta missão
BR-PLUGIN-001,brasileirao-predictor,P2,OD,Capability labels não são métodos de plugin; health é WAITING estático,ecosystem_plugin.py:BrasileiraoPredictorPlugin,Consumidor pode usar CLIs/jobs; método predict/collect não encontrado neste módulo,Verificar na mesma época e no fluxo consumidor; não corrigir fontes nesta missão
BR-PROV-001,brasileirao-predictor,P2,OD,"Readiness verifica só declarações, não autentica evidência",prediction_protocol.py:PredictionReadinessReport/assess_prediction_readiness,ready True mantém pre_match/economic_evidence_eligible False,Verificar na mesma época e no fluxo consumidor; não corrigir fontes nesta missão
BR-PROS-001,brasileirao-predictor,P2,OD+ET-RUN,Sucessor prospectivo local especificado não ativado,prospective_protocol_v2.py PROTOCOL; domain-probes.json,Não rastreado;9 sondas puras não ativam nem homologam coorte,Verificar na mesma época e no fluxo consumidor; não corrigir fontes nesta missão
BR-ECO-001,brasileirao-predictor,P2,OD,Book/bank manual não prova lucro líquido/extratos ou CLV admissível,bet_log.py:bank_state/settle; economic_evidence_eligible False,Custos externos/proveniência/receipts econômicos não verificados,Verificar na mesma época e no fluxo consumidor; não corrigir fontes nesta missão
BR-SCOPE-001,brasileirao-predictor,P2,OD,CLI/modelos mantêm linguagem internacional/Copa,predict.py main description; ratings.py k_factor; settle.py comments,Herança observada; não prova datasets de SérieA contaminados,Verificar na mesma época e no fluxo consumidor; não corrigir fontes nesta missão
ALT-CONTRACT-BR,brasileirao-predictor,P2,OD+ET-RUN,Raiz alternativa introduz contratos de domínio LOCAL_FILE_ONLY e CLI research; nova época,alternate-material-hashes.json; alternate-domain-probes.json; relatorios/SUPLEMENTO_RAIZES_DOMINIOS.md,Probe contratos/PIT apenas; não instalação/serviço ou worker real. Primários permanecem outros SHAs.,Verificar na mesma época e no fluxo consumidor; não corrigir fontes nesta missão
BRA-A1-NONFINITE-STAGE,brasileirao-predictor,P2,ET-RUN,"A1 recommendation accepts NaN CLV lower and unknown evidence_stage, resulting score cap100 and SHADOW_CANDIDATE","['brasileirao_predictor/a1_recommendation.py:26-32,79-90', 'evidencias/brasileirao-predictor/a1-boundary-probe.json', 'evidencias/REGISTRO.log']",Synthetic input on isolated copied module; capital remainsFalse; no production corrupted record proven; alternative epoch not attributed.,Verificar na mesma época e no fluxo consumidor; não corrigir fontes nesta missão
BRA-SHADOW-CROSSRECORD,brasileirao-predictor,P2,OD,Prospective shadow validators locally permit capture later than prediction and do not bind result pick_id/closing definition to supplied pick,"['brasileirao_predictor/data/prospective_shadow.py:59-103', 'evidencias/REGISTRO.log']","Module guards only, callers may add constraints; no real poisoned cohort demonstrated; successor v2 distinct.",Verificar na mesma época e no fluxo consumidor; não corrigir fontes nesta missão
CR-BUDGET-001,cripto-predictor,P2,OD+ET-RUN,API guard habilitado com limites0 libera chamadas,config.py defaults; core/api_guard.py:allow; domain-probes.json,Sonda função AST com settings/event sintéticos; concorrência SQLite não testada,Verificar na mesma época e no fluxo consumidor; não corrigir fontes nesta missão
CR-PIT-001,cripto-predictor,P2,OD,V3 fit história+inferência causal é DESCRIPTIVE_REPLAY,v3/pipeline.py:run_symbol linhas348-358/394; regime_engine.py:_forward_causal,Não inferir predictive PIT ou lucro; WFA separado não recomputado,Verificar na mesma época e no fluxo consumidor; não corrigir fontes nesta missão
CR-PLUGIN-001,cripto-predictor,P2,OD,Plugin não oferece operações preditivas apesar contratos existirem,plugin.py:capabilities; contracts.py protocols,CLI e jobs têm funções próprias; não ausência global de previsão,Verificar na mesma época e no fluxo consumidor; não corrigir fontes nesta missão
CR-USE-001,cripto-predictor,P2,NV,Estado banco privado/serviço ativo não sondado,Escopo de inspeção read-only; baseline/source only,Contagens README antigas não são atuais,Verificar na mesma época e no fluxo consumidor; não corrigir fontes nesta missão
ALT-CONTRACT-CR,cripto-predictor,P2,OD+ET-RUN,Raiz alternativa introduz contratos de domínio LOCAL_FILE_ONLY e CLI research; nova época,alternate-material-hashes.json; alternate-domain-probes.json; relatorios/SUPLEMENTO_RAIZES_DOMINIOS.md,Probe contratos/PIT apenas; não instalação/serviço ou worker real. Primários permanecem outros SHAs.,Verificar na mesma época e no fluxo consumidor; não corrigir fontes nesta missão
CRYPTO-WORKER-NET-METRIC,cripto-predictor,P2,OD,"Primary research_worker reported net_return_bps subtracts one fee/slippage leg and omits funding, while equity/drawdown uses two legs+funding via CostModel","['GarimpoInvestimentos/research_worker.py:88-116,149-167', 'GarimpoInvestimentos/v3/costs.py:48-83', 'evidencias/REGISTRO.log']",Primary 1.1.1rc4 only; no real result artifact executed; alternate1.2.0rc2 not attributed; direction fixed frozenfixture.,Verificar na mesma época e no fluxo consumidor; não corrigir fontes nesta missão
CRYPTO-ADMISSION-QUOTA-LIFETIME,cripto-predictor,P2,OD+INF,Quota global/per publisher contabiliza todo ACCEPTED persistido; execução concluída não libera contagem no caminho revisado,"['GarimpoInvestimentos/research_admission.py:submit', 'GarimpoInvestimentos/research_execution.py:execute', 'evidencias/REGISTRO.log']",Sem teste de saturação/serviço; políticas externas de retenção não observadas. Não atribuir à raiz alternativa.,Verificar na mesma época e no fluxo consumidor; não corrigir fontes nesta missão
CRYPTO-EXTERNAL-PAGINATION-BOUND,cripto-predictor,P2,OD,"CoinMetrics adapter valida host de paginação, mas não limita páginas/URLs repetidas nem orçamento total do loop","['GarimpoInvestimentos/external_intelligence/providers/coinmetrics.py:fetch_pages_with_receipt', 'evidencias/REGISTRO.log']","Sem chamada externa/probe de loop; restrição endpoint/dados real pode encerrar normalmente, risco não ocorrência comprovada.",Verificar na mesma época e no fluxo consumidor; não corrigir fontes nesta missão
CRYPTO-RECOVERY-UNITS,cripto-predictor,P2,OD,money_left_on_table compara soma de retornos fracionários com PnL monetário de paper,"GarimpoInvestimentos/profit_recovery_v1.py:736 money_left_on_table; capturable=future_net_return, captured=net_pnl; SHA em hashes.json/REGISTRO.log","Rota replay atual passa paper vazio; divergência manifesta com paper não vazio, não afirma perdas reais",Verificar na mesma época e no fluxo consumidor; não corrigir fontes nesta missão
CRYPTO-RECOVERY-ZERO-COST,cripto-predictor,P2,OD,_return_metrics dispensa custo de operação cujo retorno bruto é exatamente zero,GarimpoInvestimentos/profit_recovery_v1.py:850 _return_metrics active=[value!=0]; estratégia não-flat pode retornar0; SHA hashes.json,Não medido painel econômico real; efeito nas métricas de cenários,Verificar na mesma época e no fluxo consumidor; não corrigir fontes nesta missão
CRYPTO-PAPER-FUTURE-DEPTH,cripto-predictor,P2,OD,Paper V2 limita fill de entrada também pela profundidade futura da saída e latência apenas declarada,"GarimpoInvestimentos/profit_recovery_v1.py:630 paper_execute_v2 filled_qty=min(qty,available,exit_available); latency_seconds só output",Simulador sem envio de ordens; não transferir finding à raiz alternativa,Verificar na mesma época e no fluxo consumidor; não corrigir fontes nesta missão
stocks-predictor-4,stocks-predictor,P2,OD,RJ persistência atualiza episódios sem chave de run,rj_pipeline.persist_run UPDATE rj_episodes/rj_family_scores,Ver inventário e cobertura,Snapshots por execução separados são necessários para replay independente
stocks-predictor-5,stocks-predictor,P2,OD,"Sem dado ownership RJ, sem inferência secundária de companyrepeated",rj_pipeline.compute_family_scores ownershipNone; secondary_status,Ver inventário e cobertura,Manter limites no aprendizado e denominador
stocks-predictor-6,stocks-predictor,P2,OD/ET-SRC,Ledger prospective verifica ligações mas não recalcula hash do payload JSON,prospective_big_winner.verify_chain; shared-review-notes.json,Ver inventário e cobertura,Teste dirigido em cópia e revisão do contrato antes de promoção científica.
stocks-predictor-7,stocks-predictor,P2,OD/ET-SRC,Maturidade prospective é declarada pelo argumento horizon=12 sem comprovar tempo decorrido,prospective_big_winner; shared-review-notes.json,Ver inventário e cobertura,Teste dirigido em cópia e revisão do contrato antes de promoção científica.
stocks-predictor-8,stocks-predictor,P2,OD/ET-SRC,Teste de idempotência RJ contém comparação tautológica,tests/test_rj_audit_2026_08_24.py:test_persist_run_updates_row_when_asof_advances linhas340 e349,Ver inventário e cobertura,Teste dirigido em cópia e revisão do contrato antes de promoção científica.
stocks-predictor-9,stocks-predictor,P2,OD/ET-SRC,Outcome TOTALRETURN não exige série alcançar 12 meses,experiments/BIG_WINNER_DETECTION_V1/lib/outcome_stage.py:calculate_path_outcome; remaining-00.txt,Ver inventário e cobertura,Teste dirigido em cópia e revisão do contrato antes de promoção científica.
stocks-predictor-10,stocks-predictor,P2,OD/ET-SRC,Compra ETF rejeitada mantém previous_target true e não tenta de novo até mudança de alvo,monthly_etf; shared-review-notes.json e tests/test_monthly_etf.py,Ver inventário e cobertura,Teste dirigido em cópia e revisão do contrato antes de promoção científica.
OPS-01,predictor-ops,P2,OD,Artefato esperado é existência apenas,src/predictor_ops/runner.py,"Caminho existente pode ser antigo; este gate não valida hash, conteúdo ou origem do artefato.",Verificar na mesma época e no fluxo consumidor; não corrigir fontes nesta missão
OPS-02,predictor-ops,P2,OD,Chave econômica impede reexecutar ambiguidade,src/predictor_ops/runner.py,Capitalpermission conserva registro prévio e requires_reconciliation. Não executa reconciliação externa automaticamente.,Verificar na mesma época e no fluxo consumidor; não corrigir fontes nesta missão
OPS-03,predictor-ops,P2,OD/ET-SRC,Travas e ownership de processos têm mecanismos reais,src/predictor_ops/runtime.py,"Guard de SO/O_EXCL/runid e JobObject/grupo POSIX; testes adversariais existem, não foram executados nesta rodada.",Verificar na mesma época e no fluxo consumidor; não corrigir fontes nesta missão
OPS-04,predictor-ops,P2,ET-RUN/NV,Smoke está fora do runtime declarado,pyproject.toml,3 testes passaram em3.12;>=3.13 exige dependências não disponíveis e não foi substituído por falsa equivalência.,Verificar na mesma época e no fluxo consumidor; não corrigir fontes nesta missão
CORE-01,core-predictor,P2,OD/ET-RUN,Fachada exige distribuição instalada,src/predictor_core/__init__.py,Import de fonte em cópia sem metadata falhou PackageNotFoundError. Não prova defeito de wheel instalada.,Verificar na mesma época e no fluxo consumidor; não corrigir fontes nesta missão
CORE-03,core-predictor,P2,OD,Replay limita visibilidade mas compartilha eventos,src/predictor_core/measurement/replay.py,Handler só recebe prefixo; referências mutáveis e ambiente externo não são sandboxados.,Verificar na mesma época e no fluxo consumidor; não corrigir fontes nesta missão
CORE-04,core-predictor,P2,OD,Bypass explícito do atestado V1,src/predictor_core/measurement/trials.py,power_attestation=False é caminho de API; consumidores devem decidir e auditar política.,Verificar na mesma época e no fluxo consumidor; não corrigir fontes nesta missão
CORE-05,core-predictor,P2,DD/OD,Versão do Anexo difere desta fonte,pyproject.toml,3.2.1 local versus3.2.2 no Anexo; conclusão restrita ao checkout.,Verificar na mesma época e no fluxo consumidor; não corrigir fontes nesta missão
ECO-01,ecosystem-predictor,P2,OD,Manifest e versão runtime divergem,src/ecosystem/__init__.py,Literal0.1.0 frente pyproject0.2.0; não é verificação de wheel remota.,Verificar na mesma época e no fluxo consumidor; não corrigir fontes nesta missão
ECO-02,ecosystem-predictor,P2,OD/DD,Onze pacotes no inventário atual contra dez na narrativa,tests/test_architecture_inventory.py,Sete raízes registry mais protocol quarto pyproject total11; docs dez e histórico nove têm épocas diferentes.,Verificar na mesma época e no fluxo consumidor; não corrigir fontes nesta missão
ECO-03,ecosystem-predictor,P2,ET-RUN/OD,Dois atestados crypto vencidos seguem ALIGNED,scripts/check_ecosystem_drift.py,Comando real offline na cópia3.13 exit1 em30Sep; validade até27Sep. Não é execução científica nova.,Verificar na mesma época e no fluxo consumidor; não corrigir fontes nesta missão
ECO-04,ecosystem-predictor,P2,OD,Wrapper de saúde não é somente leitura,ecosystem_health.ps1,Chama C:/CAIN/tools/ecosystem_health.py e acrescenta log externo. Não executado.,Verificar na mesma época e no fluxo consumidor; não corrigir fontes nesta missão
ECO-05,ecosystem-predictor,P2,OD,Verificação protocol é estrutural e criptográfica,packages/research-protocol/src/research_protocol/__init__.py,Não executa tarefa nem consulta relógio para expiração; confiança scope depende resolver de caller.,Verificar na mesma época e no fluxo consumidor; não corrigir fontes nesta missão
ECO-06,ecosystem-predictor,P2,OD/NV,Contrato transport/compat não encontrado nesta raiz,packages,Busca arquivo integral tracked/untracked exclui.git/.venv/caches; não generaliza servidor/raiz alternativa.,Verificar na mesma época e no fluxo consumidor; não corrigir fontes nesta missão
predictor-qualification-1,predictor-qualification,P2,OD + ET-RUN de hashes,Atestados possuem épocas distintas: 94/94 referências do final e 100/100 do parcial conferem nos commits de emissão; 12 referências antigas diferem dos arquivos atuais,attestation-issuance-check.json; issuance-ATTESTATION_PARTIAL_v1-1-attestation.json; hash-mismatch-original-check.json,Hashes no commit de emissão não reexecutam os gates nem autenticam conclusões científicas; diferença atual não demonstra corrupção histórica,Verificar na mesma época e no fluxo consumidor; não corrigir fontes nesta missão
predictor-qualification-4,predictor-qualification,P2,NV,"Perfil soak declara corrupção e morte host Ops como classes, não encontradas como execução explícita em soak.py",QUALIFICATION_PROFILE_CRYPTO_V1.json; soak.py,"Suítes separadas podem cobrir, não afirmar ausência total",Verificar na mesma época e no fluxo consumidor; não corrigir fontes nesta missão
